Species,Major_group
Abiotrophia defectiva,Bacteria
Acetobacter unclassified,Bacteria
Achromobacter piechaudii,Bacteria
Achromobacter unclassified,Bacteria
Achromobacter xylosoxidans,Bacteria
Acidaminococcus unclassified,Bacteria
Acidovorax ebreus,Bacteria
Acinetobacter baumannii,Bacteria
Acinetobacter bereziniae,Bacteria
Acinetobacter gerneri,Bacteria
Acinetobacter indicus,Bacteria
Acinetobacter johnsonii,Bacteria
Acinetobacter junii,Bacteria
Acinetobacter lwoffii,Bacteria
Acinetobacter parvus,Bacteria
Acinetobacter pittii calcoaceticus nosocomialis,Bacteria
Acinetobacter radioresistens,Bacteria
Acinetobacter schindleri,Bacteria
Acinetobacter soli,Bacteria
Acinetobacter sp CIP A162,Bacteria
Acinetobacter towneri,Bacteria
Acinetobacter unclassified,Bacteria
Acinetobacter ursingii,Bacteria
Actinobacillus unclassified,Bacteria
Actinobaculum schaalii,Bacteria
Actinobaculum sp oral taxon 183,Bacteria
Actinobaculum unclassified,Bacteria
Actinobaculum urinale,Bacteria
Actinomyces cardiffensis,Bacteria
Actinomyces georgiae,Bacteria
Actinomyces graevenitzii,Bacteria
Actinomyces johnsonii,Bacteria
Actinomyces massiliensis,Bacteria
Actinomyces naeslundii,Bacteria
Actinomyces neuii,Bacteria
Schaalia odontolytica,Bacteria
Actinomyces oris,Bacteria
Actinomyces sp HPA0247,Bacteria
Actinomyces sp ICM47,Bacteria
Actinomyces sp oral taxon 180,Bacteria
Actinomyces sp oral taxon 448,Bacteria
Actinomyces timonensis,Bacteria
Actinomyces turicensis,Bacteria
Actinomyces viscosus,Bacteria
Actinomycetospora chiangmaiensis,Bacteria
Actinoplanes unclassified,Bacteria
Adeno associated virus 2,Virus
Adeno associated virus 3,Virus
Adeno associated virus 4,Virus
Adeno associated virus 5,Virus
Aerococcus viridans,Bacteria
Aeromonas caviae,Bacteria
Aeromonas hydrophila,Bacteria
Aeromonas media,Bacteria
Aeromonas unclassified,Bacteria
Afipia birgiae,Bacteria
Afipia broomeae,Bacteria
Afipia unclassified,Bacteria
Ageratum yellow vein Singapore alphasatellite,Virus
Ageratum yellow vein Taiwan virus,Virus
Aggregatibacter aphrophilus,Bacteria
Aggregatibacter segnis,Bacteria
Aggregatibacter unclassified,Bacteria
Agrobacterium tumefaciens,Bacteria
Agrobacterium unclassified,Bacteria
Agrococcus pavilionensis,Bacteria
Agromyces unclassified,Bacteria
Ahjdlikevirus unclassified,Virus
Akkermansia muciniphila,Bacteria
Alcaligenes unclassified,Bacteria
Alicycliphilus unclassified,Bacteria
Alishewanella agri,Bacteria
Alishewanella unclassified,Bacteria
Alistipes finegoldii,Bacteria
Alistipes onderdonkii,Bacteria
Alistipes putredinis,Bacteria
Alistipes senegalensis,Bacteria
Alistipes shahii,Bacteria
Alistipes unclassified,Bacteria
Alloiococcus otitis,Bacteria
Alloprevotella rava,Bacteria
Alloprevotella tannerae,Bacteria
Alloprevotella unclassified,Bacteria
Alloscardovia omnicolens,Bacteria
Alphapapillomavirus 14,Virus
Alphapapillomavirus 2,Virus
Alphapapillomavirus 4,Virus
Anaerococcus obesiensis,Bacteria
Anaerococcus prevotii,Bacteria
Anaerococcus vaginalis,Bacteria
Anaeroglobus geminatus,Bacteria
Anaerostipes unclassified,Bacteria
Anaerotruncus colihominis,Bacteria
Anoxybacillus flavithermus,Bacteria
Arthrobacter arilaitensis,Bacteria
Arthrobacter gangotriensis,Bacteria
Aspergillus niger,Fungi
Asticcacaulis unclassified,Bacteria
Atopobium parvulum,Bacteria
Atopobium rimae,Bacteria
Atopobium vaginae,Bacteria
Avian carcinoma virus,Virus
Avian endogenous retrovirus EAV HP,Virus
Avian myelocytomatosis virus,Virus
Azoarcus unclassified,Bacteria
Azospira oryzae,Bacteria
Azospirillum unclassified,Bacteria
Bacillus amyloliquefaciens,Bacteria
Bacillus cereus thuringiensis,Bacteria
Bacillus fordii,Bacteria
Bacillus licheniformis,Bacteria
Bacillus phage B103,Virus
Bacillus phage phi105,Virus
Bacillus pumilus,Bacteria
Bacillus subtilis,Bacteria
Bacteroidales bacterium ph8,Bacteria
Bacteroides caccae,Bacteria
Bacteroides clarus,Bacteria
Bacteroides coprocola,Bacteria
Bacteroides coprophilus,Bacteria
Bacteroides dorei,Bacteria
Bacteroides eggerthii,Bacteria
Bacteroides finegoldii,Bacteria
Bacteroides fragilis,Bacteria
Bacteroides massiliensis,Bacteria
Bacteroides ovatus,Bacteria
Bacteroides plebeius,Bacteria
Bacteroides salyersiae,Bacteria
Bacteroides stercoris,Bacteria
Bacteroides thetaiotaomicron,Bacteria
Bacteroides uniformis,Bacteria
Bacteroides vulgatus,Bacteria
Bacteroides xylanisolvens,Bacteria
Bacteroidetes oral taxon 274,Bacteria
Barnesiella intestinihominis,Bacteria
Bartonella unclassified,Bacteria
Bcepmulikevirus unclassified,Virus
Betapapillomavirus 1,Virus
Betapapillomavirus 2,Virus
Betapapillomavirus 3,Virus
Betapapillomavirus 4,Virus
Betapapillomavirus 5,Virus
Bifidobacterium adolescentis,Bacteria
Bifidobacterium animalis,Bacteria
Bifidobacterium asteroides,Bacteria
Bifidobacterium bifidum,Bacteria
Bifidobacterium breve,Bacteria
Bifidobacterium catenulatum,Bacteria
Bifidobacterium dentium,Bacteria
Bifidobacterium longum,Bacteria
Bifidobacterium pseudocatenulatum,Bacteria
Bifidobacterium thermophilum,Bacteria
Bilophila unclassified,Bacteria
Blastomonas unclassified,Bacteria
Blattella germanica densovirus,Virus
Blautia hydrogenotrophica,Bacteria
Blautia producta,Bacteria
Bordetella unclassified,Bacteria
Bppunalikevirus unclassified,Virus
Brachybacterium muris,Bacteria
Brachybacterium paraconglomeratum,Bacteria
Brachybacterium squillarum,Bacteria
Brachybacterium unclassified,Bacteria
Bradyrhizobium japonicum,Bacteria
Brevibacterium casei,Bacteria
Brevibacterium linens,Bacteria
Brevibacterium massiliense,Bacteria
Brevibacterium mcbrellneri,Bacteria
Brevibacterium unclassified,Bacteria
Brevundimonas diminuta,Bacteria
Brevundimonas unclassified,Bacteria
Burkholderia cenocepacia,Bacteria
Burkholderia lata,Bacteria
Burkholderia mallei,Bacteria
Burkholderia pyrrocinia,Bacteria
Burkholderia unclassified,Bacteria
C2likevirus unclassified,Virus
Campylobacter concisus,Bacteria
Campylobacter gracilis,Bacteria
Campylobacter showae,Bacteria
Candida albicans,Fungi
Candida dubliniensis,Fungi
Candida glabrata,Fungi
Candida tropicalis,Fungi
candidate division TM7 single cell isolate TM7b,Bacteria
candidate division TM7 single cell isolate TM7c,Bacteria
Candidatus Prevotella conceptionensis,Bacteria
Candidatus Uzinura diaspidicola,Bacteria
Capnocytophaga gingivalis,Bacteria
Capnocytophaga granulosa,Bacteria
Capnocytophaga unclassified,Bacteria
Cardiobacterium hominis,Bacteria
Catenibacterium mitsuokai,Bacteria
Cauliflower mosaic virus,Virus
Caulobacter unclassified,Bacteria
Caulobacter vibrioides,Bacteria
Cellulomonas unclassified,Bacteria
Cellvibrio unclassified,Bacteria
Chlamydia psittaci,Bacteria
Chromobacterium unclassified,Bacteria
Chroococcidiopsis thermalis,Bacteria
Chryseobacterium gleum,Bacteria
Chryseobacterium taeanense,Bacteria
Chryseobacterium unclassified,Bacteria
Citrobacter freundii,Bacteria
Citrobacter koseri,Bacteria
Citrobacter unclassified,Bacteria
Citromicrobium unclassified,Bacteria
Clavibacter michiganensis,Bacteria
Cleome leaf crumple virus associated DNA 1,Virus
Clostridiaceae bacterium JC118,Bacteria
Clostridiales bacterium 1 7 47FAA,Bacteria
Clostridium asparagiforme,Bacteria
Clostridium bartlettii,Bacteria
Clostridium bolteae,Bacteria
Clostridium clostridioforme,Bacteria
Clostridium difficile,Bacteria
Clostridium hathewayi,Bacteria
Clostridium hylemonae,Bacteria
Clostridium innocuum,Bacteria
Clostridium nexile,Bacteria
Clostridium perfringens,Bacteria
Clostridium ramosum,Bacteria
Clostridium sp KLE 1755,Bacteria
Clostridium sp L2 50,Bacteria
Clostridium symbiosum,Bacteria
Collinsella aerofaciens,Bacteria
Collinsella intestinalis,Bacteria
Collinsella tanakaei,Bacteria
Collinsella unclassified,Bacteria
Comamonas testosteroni,Bacteria
Comamonas unclassified,Bacteria
Coprobacillus unclassified,Bacteria
Coprococcus catus,Bacteria
Coprococcus comes,Bacteria
Corallococcus coralloides,Bacteria
Coriobacteriaceae bacterium BV3Ac1,Bacteria
Coriobacteriaceae bacterium phI,Bacteria
Corynebacterium accolens,Bacteria
Corynebacterium ammoniagenes,Bacteria
Corynebacterium amycolatum,Bacteria
Corynebacterium aurimucosum,Bacteria
Corynebacterium casei,Bacteria
Corynebacterium crenatum,Bacteria
Corynebacterium durum,Bacteria
Corynebacterium genitalium,Bacteria
Corynebacterium glucuronolyticum,Bacteria
Corynebacterium jeikeium,Bacteria
Corynebacterium kroppenstedtii,Bacteria
Corynebacterium lipophiloflavum,Bacteria
Corynebacterium massiliense,Bacteria
Corynebacterium matruchotii,Bacteria
Corynebacterium propinquum,Bacteria
Corynebacterium pseudodiphtheriticum,Bacteria
Corynebacterium pseudogenitalium,Bacteria
Corynebacterium pyruviciproducens,Bacteria
Corynebacterium resistens,Bacteria
Corynebacterium sp HFH0082,Bacteria
Corynebacterium sp KPL1859,Bacteria
Corynebacterium sp KPL1986,Bacteria
Corynebacterium striatum,Bacteria
Corynebacterium tuberculostearicum,Bacteria
Corynebacterium urealyticum,Bacteria
Corynebacterium variabile,Bacteria
Cotton leaf curl Multan alphasatellite,Virus
Cotton leaf curl virus associated DNA 1 isolate Lucknow,Virus
Cronobacter malonaticus,Bacteria
Cronobacter phage vB CsaM GAP161,Virus
Cronobacter sakazakii,Bacteria
Cryptobacterium curtum,Bacteria
Cucurbita yellow vein virus associated DNA beta,Virus
Cupriavidus basilensis,Bacteria
Curtobacterium flaccumfaciens,Bacteria
Curtobacterium unclassified,Bacteria
Cytophaga unclassified,Bacteria
Deinococcus apachensis,Bacteria
Deinococcus aquatilis,Bacteria
Deinococcus geothermalis,Bacteria
Deinococcus gobiensis,Bacteria
Deinococcus radiodurans,Bacteria
Deinococcus unclassified,Bacteria
Deinococcus wulumuqiensis,Bacteria
Delftia acidovorans,Bacteria
Delftia unclassified,Bacteria
Dermabacter sp HFH0086,Bacteria
Dermacoccus sp Ellin185,Bacteria
Desulfosporosinus unclassified,Bacteria
Desulfovibrio desulfuricans,Bacteria
Dialister invisus,Bacteria
Dialister micraerophilus,Bacteria
Dialister succinatiphilus,Bacteria
Dickeya unclassified,Bacteria
Dietzia cinnamea,Bacteria
Dietzia unclassified,Bacteria
Dolosigranulum pigrum,Bacteria
Dorea formicigenerans,Bacteria
Dorea longicatena,Bacteria
Dorea unclassified,Bacteria
Dysgonomonas mossii,Bacteria
Eggerthella lenta,Bacteria
Eggerthella unclassified,Bacteria
Eikenella corrodens,Bacteria
Elizabethkingia anophelis,Bacteria
Elizabethkingia meningoseptica,Bacteria
Elizabethkingia unclassified,Bacteria
Enhydrobacter aerosaccus,Bacteria
Enterobacter aerogenes,Bacteria
Enterobacter cloacae,Bacteria
Enterobacter hormaechei,Bacteria
Enterobacter sp MGH 8,Bacteria
Enterobacteria phage HK633,Virus
Enterobacteria phage mEp235,Virus
Enterobacteria phage PsP3,Virus
Enterococcus avium,Bacteria
Enterococcus casseliflavus,Bacteria
Enterococcus cecorum,Bacteria
Enterococcus columbae,Bacteria
Enterococcus faecalis,Bacteria
Enterococcus faecium,Bacteria
Enterococcus gallinarum,Bacteria
Enterococcus hirae,Bacteria
Enterococcus italicus,Bacteria
Enterococcus raffinosus,Bacteria
Enterococcus saccharolyticus,Bacteria
Epsilon15likevirus unclassified,Virus
Eremothecium unclassified,Fungi
Erwinia amylovora phage Era103,Virus
Erwinia phage ENT90,Virus
Erwinia phage phiEa21 4,Virus
Erysipelotrichaceae bacterium 2 2 44A,Bacteria
Erysipelotrichaceae bacterium 21 3,Bacteria
Erysipelotrichaceae bacterium 3 1 53,Bacteria
Erysipelotrichaceae bacterium 6 1 45,Bacteria
Escherichia coli,Bacteria
Escherichia unclassified,Bacteria
Eubacterium biforme,Bacteria
Eubacterium brachy,Bacteria
Eubacterium cylindroides,Bacteria
Eubacterium eligens,Bacteria
Eubacterium hallii,Bacteria
Eubacterium infirmum,Bacteria
Eubacterium limosum,Bacteria
Eubacterium rectale,Bacteria
Eubacterium saphenum,Bacteria
Eubacterium siraeum,Bacteria
Exiguobacterium pavilionensis,Bacteria
Exiguobacterium sp AT1b,Bacteria
Exiguobacterium unclassified,Bacteria
Facklamia hominis,Bacteria
Facklamia ignava,Bacteria
Facklamia languida,Bacteria
Facklamia unclassified,Bacteria
Faecalibacterium prausnitzii,Bacteria
Fibrella aestuarina,Bacteria
Fibrisoma limi,Bacteria
Filifactor alocis,Bacteria
Finegoldia magna,Bacteria
Flavonifractor plautii,Bacteria
French bean leaf curl betasatellite Kanpur,Virus
Fujinami sarcoma virus,Virus
Fusarium unclassified,Fungi
Fusobacterium nucleatum,Bacteria
Fusobacterium periodonticum,Bacteria
Gammapapillomavirus 1,Virus
Gammapapillomavirus 5,Virus
Gammapapillomavirus 8,Virus
Gardnerella vaginalis,Bacteria
Gemella haemolysans,Bacteria
Gemella morbillorum,Bacteria
Gemella sanguinis,Bacteria
Gemella unclassified,Bacteria
Geobacillus kaustophilus,Bacteria
Geobacillus thermoleovorans,Bacteria
Geobacillus unclassified,Bacteria
Geodermatophilus obscurus,Bacteria
Gluconacetobacter unclassified,Bacteria
Gluconobacter frateurii,Bacteria
Gordonia aichiensis,Bacteria
Gordonia bronchialis,Bacteria
Gordonia otitidis,Bacteria
Gordonia polyisoprenivorans,Bacteria
Gordonia sputi,Bacteria
Gordonia terrae,Bacteria
Gossypium darwinii symptomless alphasatellite,Virus
Granulicatella adiacens,Bacteria
Granulicatella elegans,Bacteria
Granulicatella unclassified,Bacteria
Granulicella unclassified,Bacteria
Haemophilus haemolyticus,Bacteria
Haemophilus influenzae,Bacteria
Haemophilus parahaemolyticus,Bacteria
Haemophilus parainfluenzae,Bacteria
Haemophilus sputorum,Bacteria
Halococcus unclassified,Archaea
Halomonas stevensii,Bacteria
Halomonas unclassified,Bacteria
Halosarcina pallida,Archaea
Herbaspirillum seropedicae,Bacteria
Herbaspirillum unclassified,Bacteria
Human adenovirus B,Virus
Human adenovirus D,Virus
Human adenovirus E,Virus
Human bocavirus,Virus
Human cyclovirus VS5700009,Virus
Human herpesvirus 1,Virus
Human herpesvirus 2,Virus
Human herpesvirus 3,Virus
Human herpesvirus 4,Virus
Human papillomavirus,Virus
Human papillomavirus 126 like viruses,Virus
Human papillomavirus 161 like viruses,Virus
Human papillomavirus type 131,Virus
Human papillomavirus type 134,Virus
Human papillomavirus type 135,Virus
Human papillomavirus type 140,Virus
Human papillomavirus type 144,Virus
Human papillomavirus type 154,Virus
Human parvovirus B19,Virus
Hydrocarboniphaga effusa,Bacteria
Hymenobacter aerophilus,Bacteria
Hymenobacter norwichensis,Bacteria
Hymenobacter unclassified,Bacteria
Hyphomicrobium denitrificans,Bacteria
Hyphomicrobium unclassified,Bacteria
Jaagsiekte sheep retrovirus,Virus
Janibacter hoylei,Bacteria
Janthinobacterium lividum,Bacteria
Janthinobacterium unclassified,Bacteria
Jatropha leaf curl virus,Virus
JC polyomavirus,Virus
Jonquetella anthropi,Bacteria
Jonquetella unclassified,Bacteria
KI polyomavirus,Virus
Kingella denitrificans,Bacteria
Kingella unclassified,Bacteria
Klebsiella oxytoca,Bacteria
Klebsiella phage 0507 KN2 1,Virus
Klebsiella phage KP34,Virus
Klebsiella phage KP36,Virus
Klebsiella pneumoniae,Bacteria
Klebsiella sp MS 92 3,Bacteria
Klebsiella unclassified,Bacteria
Kocuria atrinae,Bacteria
Kocuria rhizophila,Bacteria
Kocuria sp UCD OTCP,Bacteria
Kocuria unclassified,Bacteria
Kytococcus sedentarius,Bacteria
Lachnoanaerobaculum saburreum,Bacteria
Lachnospiraceae bacterium 1 1 57FAA,Bacteria
Lachnospiraceae bacterium 2 1 46FAA,Bacteria
Lachnospiraceae bacterium 2 1 58FAA,Bacteria
Lachnospiraceae bacterium 3 1 46FAA,Bacteria
Lachnospiraceae bacterium 3 1 57FAA CT1,Bacteria
Lachnospiraceae bacterium 5 1 63FAA,Bacteria
Lachnospiraceae bacterium 8 1 57FAA,Bacteria
Lactobacillus acidophilus,Bacteria
Lactobacillus amylovorus,Bacteria
Lactobacillus casei paracasei,Bacteria
Lactobacillus crispatus,Bacteria
Lactobacillus curvatus,Bacteria
Lactobacillus delbrueckii,Bacteria
Lactobacillus fermentum,Bacteria
Lactobacillus gasseri,Bacteria
Lactobacillus helveticus,Bacteria
Lactobacillus iners,Bacteria
Lactobacillus ingluviei,Bacteria
Lactobacillus mucosae,Bacteria
Lactobacillus oris,Bacteria
Lactobacillus phage J 1,Virus
Lactobacillus phage Lc Nu,Virus
Lactobacillus phage PL 1,Virus
Lactobacillus plantarum,Bacteria
Lactobacillus reuteri,Bacteria
Lactobacillus rhamnosus,Bacteria
Lactobacillus ruminis,Bacteria
Lactobacillus sakei,Bacteria
Lactobacillus salivarius,Bacteria
Lactobacillus sanfranciscensis,Bacteria
Lactobacillus vaginalis,Bacteria
Lactococcus garvieae,Bacteria
Lactococcus lactis,Bacteria
Lactococcus phage P680,Virus
Lactococcus raffinolactis,Bacteria
Lautropia mirabilis,Bacteria
Legionella anisa,Bacteria
Leifsonia unclassified,Bacteria
Leptotrichia buccalis,Bacteria
Leptotrichia unclassified,Bacteria
Leptotrichia wadei,Bacteria
Leucas zeylanica yellow vein virus satellite DNA beta,Virus
Leucobacter unclassified,Bacteria
Leuconostoc carnosum,Bacteria
Leuconostoc citreum,Bacteria
Leuconostoc lactis,Bacteria
Leuconostoc mesenteroides,Bacteria
Leuconostoc pseudomesenteroides,Bacteria
Leuconostoc unclassified,Bacteria
Limnohabitans unclassified,Bacteria
Listeria monocytogenes,Bacteria
Listeria seeligeri,Bacteria
Lodderomyces elongisporus,Fungi
Ludwigia yellow vein virus associated DNA beta,Virus
Lymphocryptovirus unclassified,Virus
Lysinibacillus unclassified,Bacteria
Macrococcus caseolyticus,Bacteria
Malassezia globosa,Fungi
Massilia timonae,Bacteria
Massilia unclassified,Bacteria
Megamonas hypermegale,Bacteria
Megamonas rupellensis,Bacteria
Megamonas unclassified,Bacteria
Megasphaera genomosp type 1,Bacteria
Megasphaera micronuciformis,Bacteria
Megasphaera unclassified,Bacteria
Meiothermus ruber,Bacteria
Merkel cell polyomavirus,Virus
Mesorhizobium unclassified,Bacteria
Methanobrevibacter smithii,Archaea
Methanobrevibacter unclassified,Archaea
Methylobacterium extorquens,Bacteria
Methylobacterium populi,Bacteria
Methylobacterium radiotolerans,Bacteria
Methylophilus unclassified,Bacteria
Methylotenera unclassified,Bacteria
Methyloversatilis unclassified,Bacteria
Methyloversatilis universalis,Bacteria
Microbacterium laevaniformans,Bacteria
Micrococcus luteus,Bacteria
Microcoleus unclassified,Bacteria
Microcystis aeruginosa,Bacteria
Mitsuokella multacida,Bacteria
Mitsuokella unclassified,Bacteria
Mobiluncus curtisii,Bacteria
Mobiluncus unclassified,Bacteria
Modestobacter multiseptatus,Bacteria
Moraxella catarrhalis,Bacteria
Morganella morganii,Bacteria
Mulikevirus unclassified,Virus
Mupapillomavirus 1,Virus
Mupapillomavirus 2,Virus
Mycobacterium abscessus,Bacteria
Mycobacterium avium,Bacteria
Mycobacterium fortuitum,Bacteria
Mycobacterium gilvum,Bacteria
Mycobacterium hassiacum,Bacteria
Mycobacterium phage Halo,Virus
Mycobacterium phage Rizal,Virus
Myroides unclassified,Bacteria
Nakamurella multipartita,Bacteria
Nanovirus like particle,Virus
Naumovozyma unclassified,Fungi
Nectria haematococca,Fungi
Neisseria bacilliformis,Bacteria
Neisseria cinerea,Bacteria
Neisseria elongata,Bacteria
Neisseria flavescens,Bacteria
Neisseria macacae,Bacteria
Neisseria meningitidis,Bacteria
Neisseria sicca,Bacteria
Neisseria subflava,Bacteria
Neisseria unclassified,Bacteria
Nocardioides unclassified,Bacteria
Nocardiopsis prasina,Bacteria
Novispirillum itersonii,Bacteria
Ochrobactrum anthropi,Bacteria
Ochrobactrum sp CDB2,Bacteria
Odoribacter laneus,Bacteria
Odoribacter splanchnicus,Bacteria
Olsenella profusa,Bacteria
Olsenella uli,Bacteria
Olsenella unclassified,Bacteria
Oribacterium sinus,Bacteria
Oribacterium sp oral taxon 078,Bacteria
Orthohepadnavirus unclassified,Virus
Oscillatoria unclassified,Bacteria
Oscillibacter unclassified,Bacteria
Pannonibacter phragmitetus,Bacteria
Pantoea agglomerans,Bacteria
Pantoea ananatis,Bacteria
Pantoea dispersa,Bacteria
Pantoea phage LIMElight,Virus
Pantoea unclassified,Bacteria
Parabacteroides distasonis,Bacteria
Parabacteroides goldsteinii,Bacteria
Parabacteroides johnsonii,Bacteria
Parabacteroides merdae,Bacteria
Parabacteroides unclassified,Bacteria
Paracoccus denitrificans,Bacteria
Paracoccus unclassified,Bacteria
Parascardovia denticolens,Bacteria
Parvimonas micra,Bacteria
Parvimonas unclassified,Bacteria
Peanut chlorotic streak virus,Virus
Pectobacterium carotovorum,Bacteria
Pectobacterium unclassified,Bacteria
Pediococcus acidilactici,Bacteria
Pediococcus lolii,Bacteria
Pediococcus pentosaceus,Bacteria
Pediococcus unclassified,Bacteria
Pedobacter unclassified,Bacteria
Pelistega sp HM 7,Bacteria
Pepper vein yellows virus,Virus
Pepper yellow leaf curl Indonesia virus,Virus
Peptoniphilus harei,Bacteria
Peptoniphilus lacrimalis,Bacteria
Peptoniphilus rhinitidis,Bacteria
Peptostreptococcaceae noname unclassified,Bacteria
Peptostreptococcus anaerobius,Bacteria
Peptostreptococcus stomatis,Bacteria
Peptostreptococcus unclassified,Bacteria
Periplaneta fuliginosa densovirus,Virus
Perlucidibaca piscinae,Bacteria
Piper yellow mottle virus,Virus
Polaromonas unclassified,Bacteria
Polyomavirus HPyV6,Virus
Polyomavirus HPyV7,Virus
Porcine type C oncovirus,Virus
Porphyromonas asaccharolytica,Bacteria
Porphyromonas bennonis,Bacteria
Porphyromonas catoniae,Bacteria
Porphyromonas endodontalis,Bacteria
Porphyromonas gingivalis,Bacteria
Porphyromonas somerae,Bacteria
Porphyromonas sp oral taxon 279,Bacteria
Porphyromonas uenonis,Bacteria
Prevotella amnii,Bacteria
Prevotella baroniae,Bacteria
Prevotella bivia,Bacteria
Prevotella buccae,Bacteria
Prevotella buccalis,Bacteria
Prevotella copri,Bacteria
Prevotella denticola,Bacteria
Prevotella disiens,Bacteria
Prevotella histicola,Bacteria
Prevotella intermedia,Bacteria
Prevotella loescheii,Bacteria
Prevotella maculosa,Bacteria
Prevotella melaninogenica,Bacteria
Prevotella micans,Bacteria
Prevotella multiformis,Bacteria
Prevotella multisaccharivorax,Bacteria
Prevotella nanceiensis,Bacteria
Prevotella nigrescens,Bacteria
Prevotella oralis,Bacteria
Prevotella oris,Bacteria
Prevotella oulorum,Bacteria
Prevotella pallens,Bacteria
Prevotella pleuritidis,Bacteria
Prevotella saccharolytica,Bacteria
Prevotella salivae,Bacteria
Prevotella sp oral taxon 473,Bacteria
Prevotella stercorea,Bacteria
Prevotella timonensis,Bacteria
Prevotella veroralis,Bacteria
Propionibacterium acidipropionici,Bacteria
Propionibacterium acnes,Bacteria
Propionibacterium avidum,Bacteria
Propionibacterium granulosum,Bacteria
Propionibacterium phage P14 4,Virus
Propionibacterium phage PAD20,Virus
Propionibacterium phage PAS50,Virus
Propionibacterium phage PHL010M04,Virus
Propionibacterium phage PHL112N00,Virus
Propionibacterium propionicum,Bacteria
Propionibacterium sp 5 U 42AFAA,Bacteria
Propionibacterium sp KPL1844,Bacteria
Propionimicrobium lymphophilum,Bacteria
Proteus mirabilis,Bacteria
Proteus penneri,Bacteria
Proteus unclassified,Bacteria
Providencia rettgeri,Bacteria
Providencia stuartii,Bacteria
Providencia unclassified,Bacteria
Pseudanabaena unclassified,Bacteria
Pseudoalteromonas haloplanktis,Bacteria
Pseudomonas aeruginosa,Bacteria
Pseudomonas agarici,Bacteria
Pseudomonas alcaligenes,Bacteria
Pseudomonas chloritidismutans,Bacteria
Pseudomonas fragi,Bacteria
Pseudomonas fulva,Bacteria
Pseudomonas mendocina,Bacteria
Pseudomonas monteilii,Bacteria
Pseudomonas mosselii,Bacteria
Pseudomonas phage D3112,Virus
Pseudomonas phage EL,Virus
Pseudomonas phage F116,Virus
Pseudomonas phage MP38,Virus
Pseudomonas phage NH 4,Virus
Pseudomonas phage phiCTX,Virus
Pseudomonas psychrotolerans,Bacteria
Pseudomonas putida,Bacteria
Pseudomonas sp CMAA1215,Bacteria
Pseudomonas sp TJI 51,Bacteria
Pseudomonas stutzeri,Bacteria
Pseudomonas unclassified,Bacteria
Pseudomonas viridiflava,Bacteria
Pseudonocardia unclassified,Bacteria
Pseudoramibacter alactolyticus,Bacteria
Pseudoxanthomonas unclassified,Bacteria
Psychrobacter sp 1501 2011,Bacteria
Pusillimonas unclassified,Bacteria
Pyramidobacter piscolens,Bacteria
Rahnella aquatilis,Bacteria
Rahnella unclassified,Bacteria
Ralstonia pickettii,Bacteria
Ralstonia solanacearum,Bacteria
Ralstonia unclassified,Bacteria
Raoultella ornithinolytica,Bacteria
RD114 retrovirus,Virus
Reyranella massiliensis,Bacteria
Rhizobium lupini,Bacteria
Rhodococcus pyridinivorans,Bacteria
Rhodococcus ruber,Bacteria
Rhodopseudomonas unclassified,Bacteria
Rhodospirillum unclassified,Bacteria
Rickettsia bellii,Bacteria
Rickettsia endosymbiont of Bemisia tabaci,Bacteria
Rickettsia felis,Bacteria
Rickettsia parkeri,Bacteria
Riemerella unclassified,Bacteria
Roseburia intestinalis,Bacteria
Roseburia inulinivorans,Bacteria
Roseburia unclassified,Bacteria
Roseolovirus unclassified,Virus
Roseomonas sp B5,Bacteria
Roseomonas unclassified,Bacteria
Rothia aeria,Bacteria
Rothia dentocariosa,Bacteria
Rothia mucilaginosa,Bacteria
Rothia unclassified,Bacteria
Ruminococcaceae bacterium D16,Bacteria
Ruminococcus bromii,Bacteria
Ruminococcus gnavus,Bacteria
Ruminococcus lactaris,Bacteria
Ruminococcus obeum,Bacteria
Ruminococcus sp 5 1 39BFAA,Bacteria
Ruminococcus torques,Bacteria
Saccharomyces cerevisiae,Fungi
Saccharopolyspora unclassified,Bacteria
Salimicrobium sp MJ3,Bacteria
Salinicoccus albus,Bacteria
Salinicoccus carnicancri,Bacteria
Salmonella enterica,Bacteria
Salmonella unclassified,Bacteria
Sauropus leaf curl disease associated DNA beta,Virus
Scardovia inopinata,Bacteria
Scardovia unclassified,Bacteria
Scardovia wiggsiae,Bacteria
Schizosaccharomyces unclassified,Fungi
Selenomonas artemidis,Bacteria
Selenomonas flueggei,Bacteria
Selenomonas noxia,Bacteria
Selenomonas sputigena,Bacteria
Serinicoccus profundi,Bacteria
Serinicoccus unclassified,Bacteria
Serratia liquefaciens,Bacteria
Serratia marcescens,Bacteria
Shewanella unclassified,Bacteria
Shigella sonnei,Bacteria
Shuttleworthia satelles,Bacteria
Sida yellow vein disease associated DNA 1,Virus
Sida yellow vein Vietnam virus satellite DNA beta,Virus
Simkania negevensis,Bacteria
Simonsiella muelleri,Bacteria
Solobacterium moorei,Bacteria
Sphingobacterium spiritivorum,Bacteria
Sphingobacterium unclassified,Bacteria
Sphingobium quisquiliarum,Bacteria
Sphingobium unclassified,Bacteria
Sphingobium xenophagum,Bacteria
Sphingobium yanoikuyae,Bacteria
Sphingomonas echinoides,Bacteria
Sphingomonas elodea,Bacteria
Sphingomonas melonis,Bacteria
Sphingomonas phyllosphaerae,Bacteria
Sphingomonas sp S17,Bacteria
Sphingomonas wittichii,Bacteria
Sphingopyxis alaskensis,Bacteria
Sphingopyxis unclassified,Bacteria
Spirosoma panaciterrae,Bacteria
Staphylococcus arlettae,Bacteria
Staphylococcus aureus,Bacteria
Staphylococcus caprae capitis,Bacteria
Staphylococcus epidermidis,Bacteria
Staphylococcus equorum,Bacteria
Staphylococcus haemolyticus,Bacteria
Staphylococcus hominis,Bacteria
Staphylococcus lugdunensis,Bacteria
Staphylococcus massiliensis,Bacteria
Staphylococcus pasteuri,Bacteria
Staphylococcus pettenkoferi,Bacteria
Staphylococcus phage 3A,Virus
Staphylococcus phage 80alpha,Virus
Staphylococcus phage phi2958PVL,Virus
Staphylococcus phage phiETA2,Virus
Staphylococcus phage phiSLT,Virus
Staphylococcus phage PVL,Virus
Staphylococcus phage ROSA,Virus
Staphylococcus phage SAP 2,Virus
Staphylococcus phage StB27,Virus
Staphylococcus phage TEM123,Virus
Staphylococcus saprophyticus,Bacteria
Staphylococcus simulans,Bacteria
Staphylococcus sp AL1,Bacteria
Staphylococcus sp E463,Bacteria
Staphylococcus warneri,Bacteria
Stenotrophomonas maltophilia,Bacteria
Stenotrophomonas phage S1,Virus
Stenotrophomonas unclassified,Bacteria
Stigmatella aurantiaca,Bacteria
STL polyomavirus,Virus
Stomatobaculum longum,Bacteria
Streptococcus agalactiae,Bacteria
Streptococcus anginosus,Bacteria
Streptococcus australis,Bacteria
Streptococcus constellatus,Bacteria
Streptococcus cristatus,Bacteria
Streptococcus downei,Bacteria
Streptococcus dysgalactiae,Bacteria
Streptococcus gallolyticus,Bacteria
Streptococcus gordonii,Bacteria
Streptococcus infantarius,Bacteria
Streptococcus infantis,Bacteria
Streptococcus intermedius,Bacteria
Streptococcus massiliensis,Bacteria
Streptococcus mitis oralis pneumoniae,Bacteria
Streptococcus mutans,Bacteria
Streptococcus parasanguinis,Bacteria
Streptococcus pasteurianus,Bacteria
Streptococcus phage 2972,Virus
Streptococcus phage ALQ13 2,Virus
Streptococcus phage EJ 1,Virus
Streptococcus phage TP 778L,Virus
Streptococcus pseudopneumoniae,Bacteria
Streptococcus salivarius,Bacteria
Streptococcus sanguinis,Bacteria
Streptococcus sobrinus,Bacteria
Streptococcus sp GMD5S,Bacteria
Streptococcus thermophilus,Bacteria
Streptococcus tigurinus,Bacteria
Streptococcus vestibularis,Bacteria
Streptomyces zinciresistens,Bacteria
Subdoligranulum sp 4 3 54A2FAA,Bacteria
Subdoligranulum unclassified,Bacteria
Sutterella parvirubra,Bacteria
Sutterella wadsworthensis,Bacteria
Tannerella forsythia,Bacteria
Terriglobus unclassified,Bacteria
Tetrasphaera elongata,Bacteria
Thauera unclassified,Bacteria
Thermus scotoductus,Bacteria
Thermus thermophilus,Bacteria
Thermus unclassified,Bacteria
Thiobacillus thioparus,Bacteria
Thiomonas unclassified,Bacteria
Tobacco vein clearing virus,Virus
Tomato begomovirus satellite DNA beta,Virus
Tomato leaf curl Hajipur betasatellite,Virus
Tomato leaf curl Palampur virus,Virus
Tomato leaf curl Togo betasatellite Togo 2006,Virus
Tomato yellow leaf curl Vietnam virus satellite DNA beta,Virus
Torque teno virus,Virus
Torque teno virus 15,Virus
Torque teno virus 16,Virus
Treponema denticola,Bacteria
Treponema maltophilum,Bacteria
Treponema socranskii,Bacteria
Treponema vincentii,Bacteria
Trichodysplasia spinulosa associated polyomavirus,Virus
Tsukamurella unclassified,Bacteria
Turicella otitidis,Bacteria
UR2 sarcoma virus,Virus
Varibaculum cambriense,Bacteria
Variovorax unclassified,Bacteria
Veillonella atypica,Bacteria
Veillonella dispar,Bacteria
Veillonella parvula,Bacteria
Veillonella ratti,Bacteria
Veillonella sp oral taxon 780,Bacteria
Veillonella unclassified,Bacteria
Verminephrobacter unclassified,Bacteria
Vibrio sp Ex25,Bacteria
Weissella cibaria,Bacteria
Weissella confusa,Bacteria
Weissella paramesenteroides,Bacteria
Weissella unclassified,Bacteria
Wheat dwarf virus,Virus
Williamsia sp D3,Bacteria
Wolbachia endosymbiont of Diaphorina citri,Bacteria
Wolbachia endosymbiont of Drosophila melanogaster,Bacteria
Wolbachia pipientis,Bacteria
Wolbachia unclassified,Bacteria
WU Polyomavirus,Virus
Xanthomonas citri,Bacteria
Xanthomonas euvesicatoria,Bacteria
Xanthomonas fuscans,Bacteria
Xanthomonas oryzae,Bacteria
Xanthomonas vasicola,Bacteria
Yualikevirus unclassified,Virus